--
-- PostgreSQL database dump
--

\restrict aSmN5wWXEeGnJZx5oAOkmm6mTRNokd4wzZne01C988XZfGQzcPiJq4C9LzhuL92

-- Dumped from database version 16.14
-- Dumped by pg_dump version 16.14

SET statement_timeout = 0;
SET lock_timeout = 0;
SET idle_in_transaction_session_timeout = 0;
SET client_encoding = 'UTF8';
SET standard_conforming_strings = on;
SELECT pg_catalog.set_config('search_path', '', false);
SET check_function_bodies = false;
SET xmloption = content;
SET client_min_messages = warning;
SET row_security = off;

ALTER TABLE IF EXISTS ONLY public.notifications DROP CONSTRAINT IF EXISTS fksxbhag07yf88eve8uuor8tll1;
ALTER TABLE IF EXISTS ONLY public.notifications DROP CONSTRAINT IF EXISTS fkqqnsjxlwleyjbxlmm213jaj3f;
ALTER TABLE IF EXISTS ONLY public.password_reset_tokens DROP CONSTRAINT IF EXISTS fkk3ndxg5xp6v7wd4gjyusp15gq;
ALTER TABLE IF EXISTS ONLY public.clinical_evolutions DROP CONSTRAINT IF EXISTS fke04fj3cs16xjdogcmu3pb6gkx;
ALTER TABLE IF EXISTS ONLY public.clinical_evolutions DROP CONSTRAINT IF EXISTS fk69yieyonday8958sxgqa4l7n4;
ALTER TABLE IF EXISTS ONLY public.users DROP CONSTRAINT IF EXISTS users_pkey;
ALTER TABLE IF EXISTS ONLY public.patients DROP CONSTRAINT IF EXISTS ukskbu72erxb9pqhegq621myrck;
ALTER TABLE IF EXISTS ONLY public.password_reset_tokens DROP CONSTRAINT IF EXISTS ukajre85ybxavf1tt4omkrs5p6g;
ALTER TABLE IF EXISTS ONLY public.users DROP CONSTRAINT IF EXISTS uk6dotkott2kjsp8vw4d0m25fb7;
ALTER TABLE IF EXISTS ONLY public.patients DROP CONSTRAINT IF EXISTS patients_pkey;
ALTER TABLE IF EXISTS ONLY public.password_reset_tokens DROP CONSTRAINT IF EXISTS password_reset_tokens_pkey;
ALTER TABLE IF EXISTS ONLY public.notifications DROP CONSTRAINT IF EXISTS notifications_pkey;
ALTER TABLE IF EXISTS ONLY public.clinical_evolutions DROP CONSTRAINT IF EXISTS clinical_evolutions_pkey;
DROP TABLE IF EXISTS public.users;
DROP TABLE IF EXISTS public.patients;
DROP TABLE IF EXISTS public.password_reset_tokens;
DROP TABLE IF EXISTS public.notifications;
DROP TABLE IF EXISTS public.clinical_evolutions;
SET default_tablespace = '';

SET default_table_access_method = heap;

--
-- Name: clinical_evolutions; Type: TABLE; Schema: public; Owner: clinicare
--

CREATE TABLE public.clinical_evolutions (
    id bigint NOT NULL,
    active boolean NOT NULL,
    created_at timestamp(6) without time zone NOT NULL,
    updated_at timestamp(6) without time zone,
    attention_level character varying(255) NOT NULL,
    conduct text NOT NULL,
    description text NOT NULL,
    evolution_date timestamp(6) without time zone NOT NULL,
    summary text,
    patient_id bigint NOT NULL,
    professional_id bigint,
    CONSTRAINT clinical_evolutions_attention_level_check CHECK (((attention_level)::text = ANY ((ARRAY['LOW'::character varying, 'MEDIUM'::character varying, 'HIGH'::character varying])::text[])))
);


ALTER TABLE public.clinical_evolutions OWNER TO clinicare;

--
-- Name: clinical_evolutions_id_seq; Type: SEQUENCE; Schema: public; Owner: clinicare
--

ALTER TABLE public.clinical_evolutions ALTER COLUMN id ADD GENERATED BY DEFAULT AS IDENTITY (
    SEQUENCE NAME public.clinical_evolutions_id_seq
    START WITH 1
    INCREMENT BY 1
    NO MINVALUE
    NO MAXVALUE
    CACHE 1
);


--
-- Name: notifications; Type: TABLE; Schema: public; Owner: clinicare
--

CREATE TABLE public.notifications (
    id bigint NOT NULL,
    active boolean NOT NULL,
    created_at timestamp(6) without time zone NOT NULL,
    updated_at timestamp(6) without time zone,
    message text NOT NULL,
    priority character varying(255) NOT NULL,
    read_status boolean NOT NULL,
    title character varying(255) NOT NULL,
    type character varying(255) NOT NULL,
    patient_id bigint,
    recipient_id bigint,
    CONSTRAINT notifications_priority_check CHECK (((priority)::text = ANY ((ARRAY['LOW'::character varying, 'MEDIUM'::character varying, 'HIGH'::character varying])::text[]))),
    CONSTRAINT notifications_type_check CHECK (((type)::text = ANY ((ARRAY['CLINICAL_EVOLUTION_CREATED'::character varying, 'HIGH_ATTENTION_EVOLUTION'::character varying, 'PATIENT_WITHOUT_RECENT_EVOLUTION'::character varying])::text[])))
);


ALTER TABLE public.notifications OWNER TO clinicare;

--
-- Name: notifications_id_seq; Type: SEQUENCE; Schema: public; Owner: clinicare
--

ALTER TABLE public.notifications ALTER COLUMN id ADD GENERATED BY DEFAULT AS IDENTITY (
    SEQUENCE NAME public.notifications_id_seq
    START WITH 1
    INCREMENT BY 1
    NO MINVALUE
    NO MAXVALUE
    CACHE 1
);


--
-- Name: password_reset_tokens; Type: TABLE; Schema: public; Owner: clinicare
--

CREATE TABLE public.password_reset_tokens (
    id bigint NOT NULL,
    active boolean NOT NULL,
    created_at timestamp(6) without time zone NOT NULL,
    updated_at timestamp(6) without time zone,
    expires_at timestamp(6) without time zone NOT NULL,
    token_hash character varying(64) NOT NULL,
    used_at timestamp(6) without time zone,
    user_id bigint NOT NULL
);


ALTER TABLE public.password_reset_tokens OWNER TO clinicare;

--
-- Name: password_reset_tokens_id_seq; Type: SEQUENCE; Schema: public; Owner: clinicare
--

ALTER TABLE public.password_reset_tokens ALTER COLUMN id ADD GENERATED BY DEFAULT AS IDENTITY (
    SEQUENCE NAME public.password_reset_tokens_id_seq
    START WITH 1
    INCREMENT BY 1
    NO MINVALUE
    NO MAXVALUE
    CACHE 1
);


--
-- Name: patients; Type: TABLE; Schema: public; Owner: clinicare
--

CREATE TABLE public.patients (
    id bigint NOT NULL,
    active boolean NOT NULL,
    created_at timestamp(6) without time zone NOT NULL,
    updated_at timestamp(6) without time zone,
    birth_date date NOT NULL,
    cpf character varying(255) NOT NULL,
    email character varying(255),
    name character varying(255) NOT NULL,
    notes text,
    phone character varying(255),
    status character varying(255) NOT NULL,
    CONSTRAINT patients_status_check CHECK (((status)::text = ANY ((ARRAY['IN_FOLLOW_UP'::character varying, 'DISCHARGED'::character varying, 'PAUSED'::character varying, 'URGENT'::character varying])::text[])))
);


ALTER TABLE public.patients OWNER TO clinicare;

--
-- Name: patients_id_seq; Type: SEQUENCE; Schema: public; Owner: clinicare
--

ALTER TABLE public.patients ALTER COLUMN id ADD GENERATED BY DEFAULT AS IDENTITY (
    SEQUENCE NAME public.patients_id_seq
    START WITH 1
    INCREMENT BY 1
    NO MINVALUE
    NO MAXVALUE
    CACHE 1
);


--
-- Name: users; Type: TABLE; Schema: public; Owner: clinicare
--

CREATE TABLE public.users (
    id bigint NOT NULL,
    active boolean NOT NULL,
    created_at timestamp(6) without time zone NOT NULL,
    updated_at timestamp(6) without time zone,
    email character varying(255) NOT NULL,
    name character varying(255) NOT NULL,
    password character varying(255),
    role character varying(255) NOT NULL,
    approval_status character varying(255),
    CONSTRAINT users_approval_status_check CHECK (((approval_status)::text = ANY ((ARRAY['PENDING'::character varying, 'APPROVED'::character varying, 'REJECTED'::character varying])::text[]))),
    CONSTRAINT users_role_check CHECK (((role)::text = ANY ((ARRAY['ADMIN'::character varying, 'PROFESSIONAL'::character varying])::text[])))
);


ALTER TABLE public.users OWNER TO clinicare;

--
-- Name: users_id_seq; Type: SEQUENCE; Schema: public; Owner: clinicare
--

ALTER TABLE public.users ALTER COLUMN id ADD GENERATED BY DEFAULT AS IDENTITY (
    SEQUENCE NAME public.users_id_seq
    START WITH 1
    INCREMENT BY 1
    NO MINVALUE
    NO MAXVALUE
    CACHE 1
);


--
-- Data for Name: clinical_evolutions; Type: TABLE DATA; Schema: public; Owner: clinicare
--

COPY public.clinical_evolutions (id, active, created_at, updated_at, attention_level, conduct, description, evolution_date, summary, patient_id, professional_id) FROM stdin;
1	t	2026-05-14 21:45:22.484941	\N	LOW	Manter orientações e retorno em 30 dias.	Paciente relata melhora gradual e boa adesão às orientações.	2026-05-14 21:45:22.484941	Melhora gradual com boa adesão ao acompanhamento.	1	2
2	t	2026-05-29 21:45:22.484941	\N	MEDIUM	Solicitado monitoramento domiciliar e retorno antecipado.	Paciente apresentou oscilação da pressão arterial durante a última semana.	2026-05-29 21:45:22.484941	Oscilação de pressão arterial requer monitoramento próximo.	1	2
3	t	2026-05-20 21:45:22.484941	\N	HIGH	Orientado retorno prioritário e avaliação complementar.	Paciente relata piora dos sintomas e episódios recorrentes de desconforto.	2026-05-20 21:45:22.484941	Piora dos sintomas com necessidade de avaliação prioritária.	2	2
4	t	2026-05-31 21:45:22.484941	\N	HIGH	Mantida prioridade de atendimento e reforçadas orientações.	Persistência de sintomas apesar das medidas iniciais adotadas.	2026-05-31 21:45:22.484941	Sintomas persistentes mantêm nível alto de atenção.	2	2
5	t	2026-05-16 21:45:22.484941	\N	LOW	Manter rotina atual e retorno regular.	Paciente sem novas queixas e com evolução satisfatória.	2026-05-16 21:45:22.484941	Evolução satisfatória sem novas queixas.	3	2
6	t	2026-05-25 21:45:22.484941	\N	LOW	Acompanhar sintomas e manter registro diário.	Paciente estável, relatando melhora no sono e disposição.	2026-05-25 21:45:22.484941	Paciente estável com melhora de sono e disposição.	4	2
7	t	2026-05-03 21:45:22.484941	\N	LOW	Registrada alta e orientações gerais.	Quadro estável e sem necessidade de novos retornos programados.	2026-05-03 21:45:22.484941	Alta registrada após estabilização do quadro.	5	2
8	t	2026-05-10 21:45:22.484941	\N	MEDIUM	Pausar acompanhamento e retomar contato em 60 dias.	Paciente solicitou pausa temporária no acompanhamento.	2026-05-10 21:45:22.484941	Acompanhamento pausado temporariamente.	6	2
9	t	2026-05-22 21:45:22.484941	\N	LOW	Manter acompanhamento mensal.	Sem intercorrências desde o último retorno.	2026-05-22 21:45:22.484941	Sem intercorrências recentes.	7	2
10	t	2026-05-27 21:45:22.484941	\N	MEDIUM	Antecipar retorno e monitorar sinais relatados.	Paciente relata cansaço acima do habitual nos últimos dias.	2026-05-27 21:45:22.484941	Cansaço recente exige acompanhamento mais próximo.	7	2
11	t	2026-05-23 21:45:22.484941	\N	HIGH	Agendada reavaliação em curto prazo.	Paciente apresenta piora recente e necessita reavaliação.	2026-05-23 21:45:22.484941	Piora recente requer reavaliação em curto prazo.	8	2
12	t	2026-05-30 21:45:22.484941	\N	HIGH	Mantido acompanhamento prioritário.	Sintomas permanecem com intensidade relevante.	2026-05-30 21:45:22.484941	Persistência dos sintomas mantém atenção alta.	8	2
13	t	2026-05-26 21:45:22.484941	\N	LOW	Manter orientações atuais.	Paciente relata boa adaptação e ausência de novas queixas.	2026-05-26 21:45:22.484941	Boa adaptação sem novas queixas.	9	2
14	t	2026-05-28 21:45:22.484941	\N	MEDIUM	Reforçar orientações e revisar no próximo retorno.	Paciente informa adesão parcial às orientações recomendadas.	2026-05-28 21:45:22.484941	Adesão parcial exige reforço das orientações.	10	2
15	t	2026-05-12 21:45:22.484941	\N	LOW	Acompanhamento pausado conforme solicitação.	Pausa temporária registrada sem intercorrências.	2026-05-12 21:45:22.484941	Pausa registrada sem intercorrências.	11	2
16	t	2026-05-17 21:45:22.484941	\N	LOW	Registrada alta e recomendações gerais.	Paciente finalizou acompanhamento com evolução positiva.	2026-05-17 21:45:22.484941	Alta após evolução positiva.	12	2
\.


--
-- Data for Name: notifications; Type: TABLE DATA; Schema: public; Owner: clinicare
--

COPY public.notifications (id, active, created_at, updated_at, message, priority, read_status, title, type, patient_id, recipient_id) FROM stdin;
1	t	2026-05-31 21:45:22.484941	\N	Uma evolução clínica de alta prioridade foi registrada para o paciente Carlos Eduardo Mendes.	HIGH	f	Evolução clínica de alta prioridade	HIGH_ATTENTION_EVOLUTION	2	2
2	t	2026-05-30 21:45:22.484941	\N	Uma evolução clínica de alta prioridade foi registrada para o paciente Rafael Martins Duarte.	HIGH	f	Evolução clínica de alta prioridade	HIGH_ATTENTION_EVOLUTION	8	2
3	t	2026-05-29 21:45:22.484941	\N	Uma nova evolução clínica foi registrada para a paciente Ana Beatriz Lima.	MEDIUM	f	Nova evolução clínica registrada	CLINICAL_EVOLUTION_CREATED	1	2
4	t	2026-05-28 21:45:22.484941	\N	Uma nova evolução clínica foi registrada para o paciente Tiago Araújo Barbosa.	MEDIUM	f	Nova evolução clínica registrada	CLINICAL_EVOLUTION_CREATED	10	2
5	t	2026-05-27 21:45:22.484941	\N	Uma nova evolução clínica foi registrada para a paciente Patrícia Oliveira Reis.	MEDIUM	t	Nova evolução clínica registrada	CLINICAL_EVOLUTION_CREATED	7	2
6	t	2026-05-26 21:45:22.484941	\N	Uma nova evolução clínica foi registrada para a paciente Sofia Carvalho Ribeiro.	LOW	t	Nova evolução clínica registrada	CLINICAL_EVOLUTION_CREATED	9	2
7	t	2026-05-23 21:45:22.484941	\N	Uma evolução clínica de alta prioridade foi registrada para o paciente Rafael Martins Duarte.	HIGH	t	Evolução clínica de alta prioridade	HIGH_ATTENTION_EVOLUTION	8	2
8	t	2026-05-22 21:45:22.484941	\N	Uma nova evolução clínica foi registrada para a paciente Patrícia Oliveira Reis.	MEDIUM	t	Nova evolução clínica registrada	CLINICAL_EVOLUTION_CREATED	7	2
9	t	2026-05-20 21:45:22.484941	\N	Uma evolução clínica de alta prioridade foi registrada para o paciente Carlos Eduardo Mendes.	HIGH	t	Evolução clínica de alta prioridade	HIGH_ATTENTION_EVOLUTION	2	2
10	t	2026-05-18 21:45:22.484941	\N	Paciente sem evolução recente registrada. Avaliar necessidade de contato.	LOW	f	Paciente sem evolução recente	PATIENT_WITHOUT_RECENT_EVOLUTION	6	2
11	t	2026-05-17 21:45:22.484941	\N	Uma nova evolução clínica foi registrada para o paciente William Castro Pereira.	LOW	t	Nova evolução clínica registrada	CLINICAL_EVOLUTION_CREATED	12	2
12	t	2026-05-16 21:45:22.484941	\N	Uma nova evolução clínica foi registrada para a paciente Fernanda Rocha Alves.	LOW	t	Nova evolução clínica registrada	CLINICAL_EVOLUTION_CREATED	3	2
\.


--
-- Data for Name: password_reset_tokens; Type: TABLE DATA; Schema: public; Owner: clinicare
--

COPY public.password_reset_tokens (id, active, created_at, updated_at, expires_at, token_hash, used_at, user_id) FROM stdin;
\.


--
-- Data for Name: patients; Type: TABLE DATA; Schema: public; Owner: clinicare
--

COPY public.patients (id, active, created_at, updated_at, birth_date, cpf, email, name, notes, phone, status) FROM stdin;
1	t	2026-03-01 21:45:22.484941	\N	1986-03-14	111.222.333-01	ana.lima@example.com	Ana Beatriz Lima	Acompanhamento periódico. Manter registro de pressão arterial.	(85) 99911-2201	IN_FOLLOW_UP
2	t	2026-03-05 21:45:22.484941	\N	1971-11-08	111.222.333-02	carlos.mendes@example.com	Carlos Eduardo Mendes	Paciente sinalizado para retorno prioritário.	(85) 99911-2202	URGENT
3	t	2026-03-13 21:45:22.484941	\N	1993-06-21	111.222.333-03	fernanda.alves@example.com	Fernanda Rocha Alves	Evolução favorável após ajuste de rotina.	(85) 99911-2203	IN_FOLLOW_UP
4	t	2026-03-17 21:45:22.484941	\N	1965-09-30	111.222.333-04	joao.nascimento@example.com	João Pedro Nascimento	Acompanhamento contínuo com atenção aos sintomas relatados.	(85) 99911-2204	IN_FOLLOW_UP
5	t	2026-03-26 21:45:22.484941	\N	2001-02-12	111.222.333-05	larissa.freitas@example.com	Larissa Gomes Freitas	Alta registrada após melhora sustentada.	(85) 99911-2205	DISCHARGED
6	t	2026-04-01 21:45:22.484941	\N	1980-08-17	111.222.333-06	marcos.souza@example.com	Marcos Vinícius Souza	Acompanhamento pausado a pedido do paciente.	(85) 99911-2206	PAUSED
7	t	2026-04-07 21:45:22.484941	\N	1978-12-04	111.222.333-07	patricia.reis@example.com	Patrícia Oliveira Reis	Manter retornos mensais.	(85) 99911-2207	IN_FOLLOW_UP
8	t	2026-04-19 21:45:22.484941	\N	1989-04-25	111.222.333-08	rafael.duarte@example.com	Rafael Martins Duarte	Necessita reavaliação clínica em curto prazo.	(85) 99911-2208	URGENT
9	t	2026-04-24 21:45:22.484941	\N	1997-07-16	111.222.333-09	sofia.ribeiro@example.com	Sofia Carvalho Ribeiro	Sem intercorrências recentes.	(85) 99911-2209	IN_FOLLOW_UP
10	t	2026-05-01 21:45:22.484941	\N	1959-01-28	111.222.333-10	tiago.barbosa@example.com	Tiago Araújo Barbosa	Acompanhar adesão às orientações.	(85) 99911-2210	IN_FOLLOW_UP
11	t	2026-05-08 21:45:22.484941	\N	1983-10-10	111.222.333-11	vanessa.campos@example.com	Vanessa Moreira Campos	Retorno suspenso temporariamente por viagem.	(85) 99911-2211	PAUSED
12	t	2026-05-14 21:45:22.484941	\N	1974-05-05	111.222.333-12	william.pereira@example.com	William Castro Pereira	Alta após conclusão do acompanhamento.	(85) 99911-2212	DISCHARGED
\.


--
-- Data for Name: users; Type: TABLE DATA; Schema: public; Owner: clinicare
--

COPY public.users (id, active, created_at, updated_at, email, name, password, role, approval_status) FROM stdin;
1	t	2026-02-01 21:45:22.484941	\N	admin@clinicare.local	Administrador CliniCare	$2a$10$HSgXo.goiLqMB7gqYp444uBnJQkAkvUy6n04rE5mv2BxetE.g65oW	ADMIN	APPROVED
2	t	2026-02-26 21:45:22.484941	\N	profissional@clinicare.local	Dra. Marina Costa	$2a$10$gtUz/qrPvGKD4GN0cEcVvOUwrNIJ8WFK73HyyNx3T3xaJHi/altHG	PROFESSIONAL	APPROVED
3	t	2026-05-31 21:45:22.484941	\N	mariana.lopes@clinicare.local	Dra. Mariana Lopes	$2a$10$gtUz/qrPvGKD4GN0cEcVvOUwrNIJ8WFK73HyyNx3T3xaJHi/altHG	PROFESSIONAL	PENDING
\.


--
-- Name: clinical_evolutions_id_seq; Type: SEQUENCE SET; Schema: public; Owner: clinicare
--

SELECT pg_catalog.setval('public.clinical_evolutions_id_seq', 16, true);


--
-- Name: notifications_id_seq; Type: SEQUENCE SET; Schema: public; Owner: clinicare
--

SELECT pg_catalog.setval('public.notifications_id_seq', 12, true);


--
-- Name: password_reset_tokens_id_seq; Type: SEQUENCE SET; Schema: public; Owner: clinicare
--

SELECT pg_catalog.setval('public.password_reset_tokens_id_seq', 1, false);


--
-- Name: patients_id_seq; Type: SEQUENCE SET; Schema: public; Owner: clinicare
--

SELECT pg_catalog.setval('public.patients_id_seq', 12, true);


--
-- Name: users_id_seq; Type: SEQUENCE SET; Schema: public; Owner: clinicare
--

SELECT pg_catalog.setval('public.users_id_seq', 3, true);


--
-- Name: clinical_evolutions clinical_evolutions_pkey; Type: CONSTRAINT; Schema: public; Owner: clinicare
--

ALTER TABLE ONLY public.clinical_evolutions
    ADD CONSTRAINT clinical_evolutions_pkey PRIMARY KEY (id);


--
-- Name: notifications notifications_pkey; Type: CONSTRAINT; Schema: public; Owner: clinicare
--

ALTER TABLE ONLY public.notifications
    ADD CONSTRAINT notifications_pkey PRIMARY KEY (id);


--
-- Name: password_reset_tokens password_reset_tokens_pkey; Type: CONSTRAINT; Schema: public; Owner: clinicare
--

ALTER TABLE ONLY public.password_reset_tokens
    ADD CONSTRAINT password_reset_tokens_pkey PRIMARY KEY (id);


--
-- Name: patients patients_pkey; Type: CONSTRAINT; Schema: public; Owner: clinicare
--

ALTER TABLE ONLY public.patients
    ADD CONSTRAINT patients_pkey PRIMARY KEY (id);


--
-- Name: users uk6dotkott2kjsp8vw4d0m25fb7; Type: CONSTRAINT; Schema: public; Owner: clinicare
--

ALTER TABLE ONLY public.users
    ADD CONSTRAINT uk6dotkott2kjsp8vw4d0m25fb7 UNIQUE (email);


--
-- Name: password_reset_tokens ukajre85ybxavf1tt4omkrs5p6g; Type: CONSTRAINT; Schema: public; Owner: clinicare
--

ALTER TABLE ONLY public.password_reset_tokens
    ADD CONSTRAINT ukajre85ybxavf1tt4omkrs5p6g UNIQUE (token_hash);


--
-- Name: patients ukskbu72erxb9pqhegq621myrck; Type: CONSTRAINT; Schema: public; Owner: clinicare
--

ALTER TABLE ONLY public.patients
    ADD CONSTRAINT ukskbu72erxb9pqhegq621myrck UNIQUE (cpf);


--
-- Name: users users_pkey; Type: CONSTRAINT; Schema: public; Owner: clinicare
--

ALTER TABLE ONLY public.users
    ADD CONSTRAINT users_pkey PRIMARY KEY (id);


--
-- Name: clinical_evolutions fk69yieyonday8958sxgqa4l7n4; Type: FK CONSTRAINT; Schema: public; Owner: clinicare
--

ALTER TABLE ONLY public.clinical_evolutions
    ADD CONSTRAINT fk69yieyonday8958sxgqa4l7n4 FOREIGN KEY (patient_id) REFERENCES public.patients(id);


--
-- Name: clinical_evolutions fke04fj3cs16xjdogcmu3pb6gkx; Type: FK CONSTRAINT; Schema: public; Owner: clinicare
--

ALTER TABLE ONLY public.clinical_evolutions
    ADD CONSTRAINT fke04fj3cs16xjdogcmu3pb6gkx FOREIGN KEY (professional_id) REFERENCES public.users(id);


--
-- Name: password_reset_tokens fkk3ndxg5xp6v7wd4gjyusp15gq; Type: FK CONSTRAINT; Schema: public; Owner: clinicare
--

ALTER TABLE ONLY public.password_reset_tokens
    ADD CONSTRAINT fkk3ndxg5xp6v7wd4gjyusp15gq FOREIGN KEY (user_id) REFERENCES public.users(id);


--
-- Name: notifications fkqqnsjxlwleyjbxlmm213jaj3f; Type: FK CONSTRAINT; Schema: public; Owner: clinicare
--

ALTER TABLE ONLY public.notifications
    ADD CONSTRAINT fkqqnsjxlwleyjbxlmm213jaj3f FOREIGN KEY (recipient_id) REFERENCES public.users(id);


--
-- Name: notifications fksxbhag07yf88eve8uuor8tll1; Type: FK CONSTRAINT; Schema: public; Owner: clinicare
--

ALTER TABLE ONLY public.notifications
    ADD CONSTRAINT fksxbhag07yf88eve8uuor8tll1 FOREIGN KEY (patient_id) REFERENCES public.patients(id);


--
-- PostgreSQL database dump complete
--

\unrestrict aSmN5wWXEeGnJZx5oAOkmm6mTRNokd4wzZne01C988XZfGQzcPiJq4C9LzhuL92

